{"_type":"export","__export_format":4,"__export_date":"2022-11-23T09:09:31.009Z","__export_source":"insomnia.desktop.app:v2022.6.0","resources":[{"_id":"req_40e7b066f2aa4ae5a1c10962665f7934","parentId":"fld_f1d924c157b34194a64276d069684cfc","modified":1669194282337,"created":1669049070672,"url":"http://143.198.55.254:3000/message/user_id/255","name":"get message by user id","description":"","method":"GET","body":{},"parameters":[],"headers":[{"id":"pair_cbf4333e70e3404ea3be2e20b0f61cef","name":"Authorization","value":"LuQJd5qKr1cC4vLUUQe+WQK8e7fU8TvaEB5wpbeXpww=","description":""}],"authentication":{},"metaSortKey":-1669049070672,"isPrivate":false,"settingStoreCookies":true,"settingSendCookies":true,"settingDisableRenderRequestBody":false,"settingEncodeUrl":true,"settingRebuildPath":true,"settingFollowRedirects":"global","_type":"request"},{"_id":"fld_f1d924c157b34194a64276d069684cfc","parentId":"wrk_63a979bbbf124190a3dd89c638d3f306","modified":1669022704991,"created":1668768997346,"name":"messages ","description":"","environment":{},"environmentPropertyOrder":null,"metaSortKey":-1668768997346,"_type":"request_group"},{"_id":"wrk_63a979bbbf124190a3dd89c638d3f306","parentId":null,"modified":1669024697415,"created":1649942696433,"name":"New Document","description":"A WebPhone is your app for making and receiving phone calls on your web browser and mobile devices.\n\nThis API will be used internally to communicate between the webphone server and the integrated applications.\n\n","scope":"design","_type":"workspace"},{"_id":"req_f0e0d5e81c604e1991020877c556c8b7","parentId":"fld_f1d924c157b34194a64276d069684cfc","modified":1669194275142,"created":1668769004934,"url":"http://143.198.55.254:3000/message/delete/8","name":"delete msg","description":"","method":"DELETE","body":{},"parameters":[],"headers":[{"id":"pair_30a4d35a7217445996f06a709bb5c889","name":"Authorization","value":"LuQJd5qKr1cC4vLUUQe+WQK8e7fU8TvaEB5wpbeXpww=","description":""}],"authentication":{},"metaSortKey":-1668769004934,"isPrivate":false,"settingStoreCookies":true,"settingSendCookies":true,"settingDisableRenderRequestBody":false,"settingEncodeUrl":true,"settingRebuildPath":true,"settingFollowRedirects":"global","_type":"request"},{"_id":"req_7004529801e44af58eccd832c28fee3f","parentId":"fld_f1d924c157b34194a64276d069684cfc","modified":1669194268011,"created":1668769004095,"url":"http://143.198.55.254:3000/message/update/?sender_id=19&receiver_id=20","name":"update msg","description":"","method":"PUT","body":{"mimeType":"application/json","text":"{\n\t\"time_seen\":\"2022-11-28\"\n}"},"parameters":[],"headers":[{"id":"pair_dc10169f1eef413c941a0e26c73265bc","name":"Authorization","value":"LuQJd5qKr1cC4vLUUQe+WQK8e7fU8TvaEB5wpbeXpww=","description":""},{"name":"Content-Type","value":"application/json","id":"pair_11d13a504e2a48cc8f3a7d4ede5c25a3"}],"authentication":{},"metaSortKey":-1668769004095,"isPrivate":false,"settingStoreCookies":true,"settingSendCookies":true,"settingDisableRenderRequestBody":false,"settingEncodeUrl":true,"settingRebuildPath":true,"settingFollowRedirects":"global","_type":"request"},{"_id":"req_0f6b2a9b6aaf4b7ab6f4899e5c5e9327","parentId":"fld_f1d924c157b34194a64276d069684cfc","modified":1669194463202,"created":1668769003111,"url":"http://143.198.55.254:3000/message/create/","name":"add new msg","description":"test","method":"POST","body":{"mimeType":"application/json","text":"{\n\t\"sender\":\"19\",\n\t\"receiver\":\"20\",\n\t\"message\":\"1\",\n\t\"time_seen\":\"\",\n\t\"status\":\"0\"\n}"},"parameters":[],"headers":[{"name":"Content-Type","value":"application/json","id":"pair_298b321c9f354b5295260675143e586d"},{"id":"pair_20b745d13fe24c14a1c48e5487ac8772","name":"Authorization","value":"LuQJd5qKr1cC4vLUUQe+WQK8e7fU8TvaEB5wpbeXpww=","description":""}],"authentication":{},"metaSortKey":-1668769003111,"isPrivate":false,"settingStoreCookies":true,"settingSendCookies":true,"settingDisableRenderRequestBody":false,"settingEncodeUrl":true,"settingRebuildPath":true,"settingFollowRedirects":"global","_type":"request"},{"_id":"req_e58f181890d3483e951cf6f23fb6d78a","parentId":"fld_f1d924c157b34194a64276d069684cfc","modified":1669194414527,"created":1668769000551,"url":"http://143.198.55.254:3000/message/?sender_id=19&receiver_id=20","name":"get message between sender and receiver","description":"### GET  <span style=\"color:red\">  user messages </span> BY ID \n\n``` response 200 ```\n{\n\t\"code\": \"success\",\n\t\"data\": \n\t\t{[\n\t\t\t\"id\": 1,\n\t\t\t\"sender\": 18,\n\t\t\t\"receiver\": 1,\n\t\t\t\"message\": \"testing\",\n\t\t\t\"time_sent\": \"2022-11-18T11:28:51.000Z\"\n\t\t}\n\t]\n}\n","method":"GET","body":{},"parameters":[],"headers":[{"id":"pair_3291f38c46d345389efa8874b29fa80d","name":"Authorization","value":"LuQJd5qKr1cC4vLUUQe+WQK8e7fU8TvaEB5wpbeXpww=","description":""}],"authentication":{},"metaSortKey":-1668769000551,"isPrivate":false,"settingStoreCookies":true,"settingSendCookies":true,"settingDisableRenderRequestBody":false,"settingEncodeUrl":true,"settingRebuildPath":true,"settingFollowRedirects":"global","_type":"request"},{"_id":"req_bfddde76a0d14c01a611665508fdd165","parentId":"fld_601507a6601847c099f78c58504e3e65","modified":1669036154276,"created":1668765569100,"url":"http://143.198.55.254:3000/logs/12/","name":"get app log by ID","description":"","method":"GET","body":{},"parameters":[],"headers":[],"authentication":{},"metaSortKey":-1668765569100,"isPrivate":false,"settingStoreCookies":true,"settingSendCookies":true,"settingDisableRenderRequestBody":false,"settingEncodeUrl":true,"settingRebuildPath":true,"settingFollowRedirects":"global","_type":"request"},{"_id":"fld_601507a6601847c099f78c58504e3e65","parentId":"wrk_63a979bbbf124190a3dd89c638d3f306","modified":1668765564352,"created":1668765564352,"name":"app logs","description":"","environment":{},"environmentPropertyOrder":null,"metaSortKey":-1668765564352,"_type":"request_group"},{"_id":"req_b78081eec639458c958dcc9f0854da32","parentId":"fld_601507a6601847c099f78c58504e3e65","modified":1669035596722,"created":1668765566733,"url":"http://143.198.55.254:3000/appLogs","name":"get all app logs","description":"","method":"GET","body":{},"parameters":[],"headers":[],"authentication":{},"metaSortKey":-1668765566733,"isPrivate":false,"settingStoreCookies":true,"settingSendCookies":true,"settingDisableRenderRequestBody":false,"settingEncodeUrl":true,"settingRebuildPath":true,"settingFollowRedirects":"global","_type":"request"},{"_id":"req_e492425e997d4595a75fc1964cd4de00","parentId":"fld_9a3ae1d0773546eba408c38c1d14b325","modified":1669038158622,"created":1668170337941,"url":"http://143.198.55.254:3000/accountPermission/delete/97","name":"delete acc permissions","description":"","method":"DELETE","body":{},"parameters":[],"headers":[{"id":"pair_2ad0b593710c4f6380d3332f09188202","name":"Authorization","value":"LuQJd5qKr1cC4vLUUQe+WQK8e7fU8TvaEB5wpbeXpww=","description":""}],"authentication":{},"metaSortKey":-1668170337941,"isPrivate":false,"settingStoreCookies":true,"settingSendCookies":true,"settingDisableRenderRequestBody":false,"settingEncodeUrl":true,"settingRebuildPath":true,"settingFollowRedirects":"global","_type":"request"},{"_id":"fld_9a3ae1d0773546eba408c38c1d14b325","parentId":"wrk_63a979bbbf124190a3dd89c638d3f306","modified":1668170329888,"created":1668170329888,"name":"account_permissions","description":"","environment":{},"environmentPropertyOrder":null,"metaSortKey":-1668170329888,"_type":"request_group"},{"_id":"req_9f462e243e7947578d4d35dd77afe5fb","parentId":"fld_9a3ae1d0773546eba408c38c1d14b325","modified":1669036133203,"created":1668170336988,"url":"http://143.198.55.254:3000/api/accountPermission/9","name":"update acc permission","description":"","method":"PUT","body":{"mimeType":"application/json","text":"\n\t{\n\t\t\"action\": \"/user/GET\",\n\t\t\"status\": \"1\"\n\t}\n"},"parameters":[],"headers":[{"name":"Content-Type","value":"application/json","id":"pair_1fab49ae7f044a5182fa5cef793a208e"},{"id":"pair_ef9f1917e9a243839acc178ec3d9048a","name":"Authorization","value":"LuQJd5qKr1cC4vLUUQe+WQK8e7fU8TvaEB5wpbeXpww=","description":""}],"authentication":{},"metaSortKey":-1668170336988,"isPrivate":false,"settingStoreCookies":true,"settingSendCookies":true,"settingDisableRenderRequestBody":false,"settingEncodeUrl":true,"settingRebuildPath":true,"settingFollowRedirects":"global","_type":"request"},{"_id":"req_e7d90e4a78ba4e47bfab69fc6a09878f","parentId":"fld_9a3ae1d0773546eba408c38c1d14b325","modified":1669038145251,"created":1668170335963,"url":"http://143.198.55.254:3000/accountPermission/create/","name":"add new acc permission","description":"","method":"POST","body":{"mimeType":"application/json","text":"{\n\t\"api_key_id\":\"8\",\n\t\"action\":\"PUT/contacts/update\",\n\t\"status\":\"1\"\n}"},"parameters":[],"headers":[{"name":"Content-Type","value":"application/json","id":"pair_d2dd57444a0d4409b9dab36a649479c3"},{"id":"pair_0b08030abd234bedba43ac3566b32013","name":"Authorization","value":"LuQJd5qKr1cC4vLUUQe+WQK8e7fU8TvaEB5wpbeXpww=","description":""}],"authentication":{},"metaSortKey":-1668170335963,"isPrivate":false,"settingStoreCookies":true,"settingSendCookies":true,"settingDisableRenderRequestBody":false,"settingEncodeUrl":true,"settingRebuildPath":true,"settingFollowRedirects":"global","_type":"request"},{"_id":"req_800bd082297640d78a2ddc87860c7501","parentId":"fld_9a3ae1d0773546eba408c38c1d14b325","modified":1669036114807,"created":1668170334829,"url":"http://143.198.55.254:3000/accountPermission/1","name":"get acc permission by id","description":"","method":"GET","body":{},"parameters":[],"headers":[{"id":"pair_0adfd78142cb4293a10d0eb82bc74bd3","name":"Authorization","value":"LuQJd5qKr1cC4vLUUQe+WQK8e7fU8TvaEB5wpbeXpww=","description":""}],"authentication":{},"metaSortKey":-1668170334829,"isPrivate":false,"settingStoreCookies":true,"settingSendCookies":true,"settingDisableRenderRequestBody":false,"settingEncodeUrl":true,"settingRebuildPath":true,"settingFollowRedirects":"global","_type":"request"},{"_id":"req_b25001773e914688a7a790a52a04a2bb","parentId":"fld_9a3ae1d0773546eba408c38c1d14b325","modified":1669036108664,"created":1668170332964,"url":"http://143.198.55.254:3000/accountPermission/","name":"Get all account permissions","description":"","method":"GET","body":{},"parameters":[],"headers":[{"id":"pair_d9697577b894415fa1f9a7489b0a1f75","name":"Authorization","value":"LuQJd5qKr1cC4vLUUQe+WQK8e7fU8TvaEB5wpbeXpww=","description":""},{"id":"pair_67793abd5315489cbe1b11dda6b20e5b","name":"","value":"","description":""}],"authentication":{"type":"basic","useISO88591":false,"disabled":false,"username":"","password":""},"metaSortKey":-1668170332964,"isPrivate":false,"settingStoreCookies":true,"settingSendCookies":true,"settingDisableRenderRequestBody":false,"settingEncodeUrl":true,"settingRebuildPath":true,"settingFollowRedirects":"global","_type":"request"},{"_id":"req_d45a215401f14925996620a11476b4f0","parentId":"fld_c6a1b3909dbf42cf820f99f12d576a79","modified":1669036102618,"created":1667483654173,"url":"http://143.198.55.254:3000/logs/39","name":"get log by ID","description":"","method":"GET","body":{},"parameters":[],"headers":[],"authentication":{},"metaSortKey":-1667483654173,"isPrivate":false,"settingStoreCookies":true,"settingSendCookies":true,"settingDisableRenderRequestBody":false,"settingEncodeUrl":true,"settingRebuildPath":true,"settingFollowRedirects":"global","_type":"request"},{"_id":"fld_c6a1b3909dbf42cf820f99f12d576a79","parentId":"wrk_63a979bbbf124190a3dd89c638d3f306","modified":1667483634481,"created":1667483634481,"name":"logs","description":"","environment":{},"environmentPropertyOrder":null,"metaSortKey":-1667483634481,"_type":"request_group"},{"_id":"req_ac29facce5564af9862ecc5a2e802046","parentId":"fld_c6a1b3909dbf42cf820f99f12d576a79","modified":1669036093541,"created":1667483643260,"url":"http://143.198.55.254:3000/logs","name":"get all logs","description":"","method":"GET","body":{},"parameters":[],"headers":[],"authentication":{},"metaSortKey":-1667483643260,"isPrivate":false,"settingStoreCookies":true,"settingSendCookies":true,"settingDisableRenderRequestBody":false,"settingEncodeUrl":true,"settingRebuildPath":true,"settingFollowRedirects":"global","_type":"request"},{"_id":"req_2bb2da7c3685426b96755314b0da59ab","parentId":"fld_be776bbd51524ff8b58126dd5751a03f","modified":1669040211066,"created":1667319301582,"url":"http://143.198.55.254:3000/accounts/45http://143.198.55.254:3000/userPreference/delete/8","name":"delete user pref","description":"","method":"DELETE","body":{},"parameters":[],"headers":[{"id":"pair_108fc678f7fb42c0ab4fb8d81a615799","name":"Authorization","value":"LuQJd5qKr1cC4vLUUQe+WQK8e7fU8TvaEB5wpbeXpww=","description":""}],"authentication":{},"metaSortKey":-1667319301582,"isPrivate":false,"settingStoreCookies":true,"settingSendCookies":true,"settingDisableRenderRequestBody":false,"settingEncodeUrl":true,"settingRebuildPath":true,"settingFollowRedirects":"global","_type":"request"},{"_id":"fld_be776bbd51524ff8b58126dd5751a03f","parentId":"wrk_63a979bbbf124190a3dd89c638d3f306","modified":1667319296353,"created":1667319296353,"name":"user preferences","description":"","environment":{},"environmentPropertyOrder":null,"metaSortKey":-1667319296354,"_type":"request_group"},{"_id":"req_cc7ef47d1cea46f3a22fa9c5d4072f7e","parentId":"fld_be776bbd51524ff8b58126dd5751a03f","modified":1669040211608,"created":1667319300830,"url":"http://143.198.55.254:3000/accounts/create/http://143.198.55.254:3000/userPreference/update/8","name":"update user pref","description":"","method":"PUT","body":{"mimeType":"application/json","text":"{\n\t\t\"user_id\": 2,\n\t\t\"ip_address\": \"192.168.1.123\",\n\t\t\"day_start\": 1,\n\t\t\"day_end\": 2,\n\t\t\"time_start\": \"10:10:00\",\n\t\t\"time_end\": \"00:00:02\",\n\t\t\"two_factor_auth\": 1,\n\t\t\"countries_auth\": \"+216\"\n\t}"},"parameters":[],"headers":[{"name":"Content-Type","value":"application/json","id":"pair_8576109d2ebd46d18828093c511eaaf1"},{"id":"pair_5dd3ee3b41b940d0af631d6d8f659420","name":"Authorization","value":"LuQJd5qKr1cC4vLUUQe+WQK8e7fU8TvaEB5wpbeXpww=","description":""}],"authentication":{},"metaSortKey":-1667319300830,"isPrivate":false,"settingStoreCookies":true,"settingSendCookies":true,"settingDisableRenderRequestBody":false,"settingEncodeUrl":true,"settingRebuildPath":true,"settingFollowRedirects":"global","_type":"request"},{"_id":"req_a28c52a964104a01894df02ef69097ee","parentId":"fld_be776bbd51524ff8b58126dd5751a03f","modified":1669038091183,"created":1667319300207,"url":"http://143.198.55.254:3000/userPreference/create/","name":"add new user pref","description":"","method":"POST","body":{"mimeType":"application/json","text":"{\n\t\"user_id\":\"2\",\n  \"ip_address\":\"192.168.1.123\",\n\t\"day_start\":\"1\",\n\t\"day_end\":\"2\",\n\t\"time_start\":\"10:10\",\n\t\"time_end\":\"2\",\n\t\"two_factor_auth\":\"1\",\n\t\"countries_auth\":\"+216\"\n}"},"parameters":[],"headers":[{"name":"Content-Type","value":"application/json","id":"pair_ecf049f7543b4d65814faefd8846c744"},{"id":"pair_84fd11a0f47e42d8960d38f864dd61ac","name":"Authorization","value":"LuQJd5qKr1cC4vLUUQe+WQK8e7fU8TvaEB5wpbeXpww=","description":""}],"authentication":{},"metaSortKey":-1667319300207,"isPrivate":false,"settingStoreCookies":true,"settingSendCookies":true,"settingDisableRenderRequestBody":false,"settingEncodeUrl":true,"settingRebuildPath":true,"settingFollowRedirects":"global","_type":"request"},{"_id":"req_3b3ce123b44a49a9a86d2a065b5691df","parentId":"fld_be776bbd51524ff8b58126dd5751a03f","modified":1669036058041,"created":1667319299462,"url":"http://143.198.55.254:3000/userPreference/8","name":"get user pref by id","description":"","method":"GET","body":{},"parameters":[],"headers":[{"id":"pair_d2fb25034cc345e7bf9cd1ed1731c13e","name":"Authorization","value":"LuQJd5qKr1cC4vLUUQe+WQK8e7fU8TvaEB5wpbeXpww=","description":""}],"authentication":{},"metaSortKey":-1667319299462,"isPrivate":false,"settingStoreCookies":true,"settingSendCookies":true,"settingDisableRenderRequestBody":false,"settingEncodeUrl":true,"settingRebuildPath":true,"settingFollowRedirects":"global","_type":"request"},{"_id":"req_67a9a80c0e8d4ae3bb248ae17832a67d","parentId":"fld_be776bbd51524ff8b58126dd5751a03f","modified":1669036051611,"created":1667319298527,"url":"http://143.198.55.254:3000/userPreference/","name":"get all user preferences","description":"","method":"GET","body":{},"parameters":[],"headers":[{"id":"pair_d2cc07039a504558a4d2e6f81e6ce5f0","name":"Authorization","value":"LuQJd5qKr1cC4vLUUQe+WQK8e7fU8TvaEB5wpbeXpww=","description":""}],"authentication":{},"metaSortKey":-1667319298527,"isPrivate":false,"settingStoreCookies":true,"settingSendCookies":true,"settingDisableRenderRequestBody":false,"settingEncodeUrl":true,"settingRebuildPath":true,"settingFollowRedirects":"global","_type":"request"},{"_id":"req_b9394ea73bee41408d32230023f18d9c","parentId":"fld_0e994fbd79ae4f7ca37fb235448df1fe","modified":1669036042845,"created":1667318180617,"url":"http://143.198.55.254:3000/usersPermissions/delete/11","name":"delete user permission","description":"","method":"DELETE","body":{},"parameters":[],"headers":[{"id":"pair_00949195ed0449379c2bdf109e86bf33","name":"Authorization","value":"LuQJd5qKr1cC4vLUUQe+WQK8e7fU8TvaEB5wpbeXpww=","description":""}],"authentication":{},"metaSortKey":-1667318180617,"isPrivate":false,"settingStoreCookies":true,"settingSendCookies":true,"settingDisableRenderRequestBody":false,"settingEncodeUrl":true,"settingRebuildPath":true,"settingFollowRedirects":"global","_type":"request"},{"_id":"fld_0e994fbd79ae4f7ca37fb235448df1fe","parentId":"wrk_63a979bbbf124190a3dd89c638d3f306","modified":1667318175052,"created":1667318175052,"name":"user permission","description":"","environment":{},"environmentPropertyOrder":null,"metaSortKey":-1667318175052,"_type":"request_group"},{"_id":"req_de88bd73e5d047ec91f5c3a2c8a910d4","parentId":"fld_0e994fbd79ae4f7ca37fb235448df1fe","modified":1669037502753,"created":1667318179833,"url":"http://143.198.55.254:3000/usersPermissions/update/11","name":"update user permission","description":"","method":"PUT","body":{"mimeType":"application/json","text":"{\n\t\"action\":\"contact.creation\",\n\t\"status\":\"1\"\n}"},"parameters":[],"headers":[{"name":"Content-Type","value":"application/json","id":"pair_5e4e355490d34c278b94231e927259a9"},{"id":"pair_c916e1ea04c446d7bb68a4c49dfe5707","name":"Authorization","value":"LuQJd5qKr1cC4vLUUQe+WQK8e7fU8TvaEB5wpbeXpww=","description":""}],"authentication":{},"metaSortKey":-1667318179833,"isPrivate":false,"settingStoreCookies":true,"settingSendCookies":true,"settingDisableRenderRequestBody":false,"settingEncodeUrl":true,"settingRebuildPath":true,"settingFollowRedirects":"global","_type":"request"},{"_id":"req_d164b15e831e4cf6a4cdbd4e79554a91","parentId":"fld_0e994fbd79ae4f7ca37fb235448df1fe","modified":1669037498676,"created":1667318179082,"url":"http://143.198.55.254:3000/usersPermissions/create/","name":"add user permission","description":"","method":"POST","body":{"mimeType":"application/json","text":"{\n\t\"user_id\":\"245\",\n\t\"action\":\"POST\",\n\t\"status\":\"1\"\n}"},"parameters":[],"headers":[{"name":"Content-Type","value":"application/json","id":"pair_6e88e88a02484c99b2090e1bb0b67edf"},{"id":"pair_4d4b53b836dd42f2bceb4ecc90468399","name":"Authorization","value":"LuQJd5qKr1cC4vLUUQe+WQK8e7fU8TvaEB5wpbeXpww=","description":""}],"authentication":{},"metaSortKey":-1667318179082,"isPrivate":false,"settingStoreCookies":true,"settingSendCookies":true,"settingDisableRenderRequestBody":false,"settingEncodeUrl":true,"settingRebuildPath":true,"settingFollowRedirects":"global","_type":"request"},{"_id":"req_f03815fd1f01457785ba68f621540bad","parentId":"fld_0e994fbd79ae4f7ca37fb235448df1fe","modified":1669036020542,"created":1667318178121,"url":"http://143.198.55.254:3000/usersPermissions/3","name":"get user permission by ID","description":"","method":"GET","body":{},"parameters":[],"headers":[{"id":"pair_a4b0904c60b64a24b4f2a20b253eefb9","name":"Authorization","value":"LuQJd5qKr1cC4vLUUQe+WQK8e7fU8TvaEB5wpbeXpww=","description":""}],"authentication":{},"metaSortKey":-1667318178121,"isPrivate":false,"settingStoreCookies":true,"settingSendCookies":true,"settingDisableRenderRequestBody":false,"settingEncodeUrl":true,"settingRebuildPath":true,"settingFollowRedirects":"global","_type":"request"},{"_id":"req_182aee2c6f6c49c3ac82a086736cc58a","parentId":"fld_0e994fbd79ae4f7ca37fb235448df1fe","modified":1669036015040,"created":1667318176953,"url":"http://143.198.55.254:3000/usersPermissions/","name":"get all user permissions","description":"","method":"GET","body":{},"parameters":[],"headers":[{"id":"pair_299214f75f1646689665129b5b332e6d","name":"Authorization","value":"LuQJd5qKr1cC4vLUUQe+WQK8e7fU8TvaEB5wpbeXpww=","description":""}],"authentication":{},"metaSortKey":-1667318176953,"isPrivate":false,"settingStoreCookies":true,"settingSendCookies":true,"settingDisableRenderRequestBody":false,"settingEncodeUrl":true,"settingRebuildPath":true,"settingFollowRedirects":"global","_type":"request"},{"_id":"req_b3740e00755a4c41872447b6bd3c25fa","parentId":"fld_3e7546a4960d45ec972912ef12d9409c","modified":1669036003227,"created":1667317702914,"url":"http://143.198.55.254:3000/usersLines/delete/16","name":"delete user line","description":"","method":"DELETE","body":{},"parameters":[],"headers":[{"id":"pair_88791da577654e94a51cd0c71f92978b","name":"Authorization","value":"LuQJd5qKr1cC4vLUUQe+WQK8e7fU8TvaEB5wpbeXpww=","description":""}],"authentication":{},"metaSortKey":-1667317702914,"isPrivate":false,"settingStoreCookies":true,"settingSendCookies":true,"settingDisableRenderRequestBody":false,"settingEncodeUrl":true,"settingRebuildPath":true,"settingFollowRedirects":"global","_type":"request"},{"_id":"fld_3e7546a4960d45ec972912ef12d9409c","parentId":"wrk_63a979bbbf124190a3dd89c638d3f306","modified":1667317696272,"created":1667317696272,"name":"user line","description":"","environment":{},"environmentPropertyOrder":null,"metaSortKey":-1667317696273,"_type":"request_group"},{"_id":"req_31a156acc4694579976a1caa7c1a9c78","parentId":"fld_3e7546a4960d45ec972912ef12d9409c","modified":1669037436554,"created":1667317702091,"url":"http://143.198.55.254:3000/accounts/http://143.198.55.254:3000/usersLines/update/17","name":"update user line","description":"","method":"PUT","body":{"mimeType":"application/json","text":"{\n\t\"connect_limit\":\"8\",\n\t\"status\":\"1\"\n}"},"parameters":[],"headers":[{"name":"Content-Type","value":"application/json","id":"pair_7a92488366cc4b098016b92ec6bd2329"},{"id":"pair_b157c1b48bff4d1dbf0a2db88238536b","name":"Authorization","value":"LuQJd5qKr1cC4vLUUQe+WQK8e7fU8TvaEB5wpbeXpww=","description":""}],"authentication":{},"metaSortKey":-1667317702091,"isPrivate":false,"settingStoreCookies":true,"settingSendCookies":true,"settingDisableRenderRequestBody":false,"settingEncodeUrl":true,"settingRebuildPath":true,"settingFollowRedirects":"global","_type":"request"},{"_id":"req_eeca5d182c4142c68afe289fcf396d1e","parentId":"fld_3e7546a4960d45ec972912ef12d9409c","modified":1669109809525,"created":1667317701194,"url":"http://143.198.55.254:3000/usersLines/create/","name":"add new user line","description":"","method":"POST","body":{"mimeType":"application/json","text":"{\n\t\"user_id\":\"255\",\n\t\"line_id\":\"13\",\n\t\"connect_limit\":\"2\",\n\t\"status\":\"1\",\n\t\"date_start\":\"2022-11-01\"\n}"},"parameters":[],"headers":[{"name":"Content-Type","value":"application/json","id":"pair_9294209ca0174d99be6520f0a431fde1"},{"id":"pair_6105a25c6f684d2baf83945dc6b4cd24","name":"Authorization","value":"LuQJd5qKr1cC4vLUUQe+WQK8e7fU8TvaEB5wpbeXpww=","description":""}],"authentication":{},"metaSortKey":-1667317701194,"isPrivate":false,"settingStoreCookies":true,"settingSendCookies":true,"settingDisableRenderRequestBody":false,"settingEncodeUrl":true,"settingRebuildPath":true,"settingFollowRedirects":"global","_type":"request"},{"_id":"req_7c386a6d9bbe48fcac509fed7122d0bb","parentId":"fld_3e7546a4960d45ec972912ef12d9409c","modified":1669035980641,"created":1667317699986,"url":"http://143.198.55.254:3000/usersLines/4","name":"get user line by id","description":"","method":"GET","body":{},"parameters":[],"headers":[{"id":"pair_eed71bbd3ddc4ca4a59c72c21479452a","name":"Authorization","value":"LuQJd5qKr1cC4vLUUQe+WQK8e7fU8TvaEB5wpbeXpww=","description":""}],"authentication":{},"metaSortKey":-1667317699986,"isPrivate":false,"settingStoreCookies":true,"settingSendCookies":true,"settingDisableRenderRequestBody":false,"settingEncodeUrl":true,"settingRebuildPath":true,"settingFollowRedirects":"global","_type":"request"},{"_id":"req_af23c9bc8cfe4740a1a4496866b14306","parentId":"fld_3e7546a4960d45ec972912ef12d9409c","modified":1669035976007,"created":1667317698795,"url":"http://143.198.55.254:3000/usersLines/","name":"get all user line","description":"","method":"GET","body":{},"parameters":[],"headers":[{"id":"pair_da42c0b6ae7c495793b467527400d590","name":"Authorization","value":"LuQJd5qKr1cC4vLUUQe+WQK8e7fU8TvaEB5wpbeXpww=","description":""}],"authentication":{},"metaSortKey":-1667317698795,"isPrivate":false,"settingStoreCookies":true,"settingSendCookies":true,"settingDisableRenderRequestBody":false,"settingEncodeUrl":true,"settingRebuildPath":true,"settingFollowRedirects":"global","_type":"request"},{"_id":"req_daf133f992cc47c58ef03416475d33d5","parentId":"fld_4a697745b86d4113abae5e560bb865bc","modified":1669035967407,"created":1667315362706,"url":"http://143.198.55.254:3000/contactTag/delete/10","name":"delete contact tag","description":"","method":"DELETE","body":{},"parameters":[],"headers":[{"id":"pair_b4e6e3cb6a1943669948f7cf5473d883","name":"Authorization","value":"LuQJd5qKr1cC4vLUUQe+WQK8e7fU8TvaEB5wpbeXpww=","description":""}],"authentication":{},"metaSortKey":-1667315362706,"isPrivate":false,"settingStoreCookies":true,"settingSendCookies":true,"settingDisableRenderRequestBody":false,"settingEncodeUrl":true,"settingRebuildPath":true,"settingFollowRedirects":"global","_type":"request"},{"_id":"fld_4a697745b86d4113abae5e560bb865bc","parentId":"wrk_63a979bbbf124190a3dd89c638d3f306","modified":1667315341063,"created":1667315341063,"name":"contact tags","description":"","environment":{},"environmentPropertyOrder":null,"metaSortKey":-1667315341063,"_type":"request_group"},{"_id":"req_8ff044f6d2294a68abd5374af2bc3867","parentId":"fld_4a697745b86d4113abae5e560bb865bc","modified":1669037378637,"created":1667315361793,"url":"http://143.198.55.254:3000/contactTag/update/10","name":"update contact tag","description":"","method":"PUT","body":{"mimeType":"application/json","text":"{\n\t\"date_attach\":\"2022-10-20\"\n}"},"parameters":[],"headers":[{"name":"Content-Type","value":"application/json","id":"pair_aa75717f25ca4085aaef4514ee32f8ce"},{"id":"pair_182e4d73dc48409b8fc8cd2fbfe27f7b","name":"Authorization","value":"LuQJd5qKr1cC4vLUUQe+WQK8e7fU8TvaEB5wpbeXpww=","description":""}],"authentication":{},"metaSortKey":-1667315361793,"isPrivate":false,"settingStoreCookies":true,"settingSendCookies":true,"settingDisableRenderRequestBody":false,"settingEncodeUrl":true,"settingRebuildPath":true,"settingFollowRedirects":"global","_type":"request"},{"_id":"req_143d481776ff46a4b12832b83c789b1f","parentId":"fld_4a697745b86d4113abae5e560bb865bc","modified":1669037376108,"created":1667315360825,"url":"http://143.198.55.254:3000/contactTag/create/","name":"add new contact tag","description":"","method":"POST","body":{"mimeType":"application/json","text":"{\n\t\"contact_id\":\"33\",\n\t\"tag_id\":\"6\",\n\t\"user_id\":\"2\",\n\t\"date_attach\":\"2022-11-15\"\n}"},"parameters":[],"headers":[{"name":"Content-Type","value":"application/json","id":"pair_1f49f760798f4f6082743729a47d9b80"},{"id":"pair_009a15de440a4fe3b810ddc9a0a498ca","name":"Authorization","value":"LuQJd5qKr1cC4vLUUQe+WQK8e7fU8TvaEB5wpbeXpww=","description":""}],"authentication":{},"metaSortKey":-1667315360825,"isPrivate":false,"settingStoreCookies":true,"settingSendCookies":true,"settingDisableRenderRequestBody":false,"settingEncodeUrl":true,"settingRebuildPath":true,"settingFollowRedirects":"global","_type":"request"},{"_id":"req_e5726ae6d04f432eaa9636bcd5ae263d","parentId":"fld_4a697745b86d4113abae5e560bb865bc","modified":1669035951002,"created":1667315359874,"url":"http://143.198.55.254:3000/contactTag/1","name":"get contact tag by ID","description":"","method":"GET","body":{},"parameters":[],"headers":[{"id":"pair_05bffd3d554b47728cca24eec2250aab","name":"Authorization","value":"LuQJd5qKr1cC4vLUUQe+WQK8e7fU8TvaEB5wpbeXpww=","description":""}],"authentication":{},"metaSortKey":-1667315359874,"isPrivate":false,"settingStoreCookies":true,"settingSendCookies":true,"settingDisableRenderRequestBody":false,"settingEncodeUrl":true,"settingRebuildPath":true,"settingFollowRedirects":"global","_type":"request"},{"_id":"req_cf47c55d88794f34814025e4c5937d17","parentId":"fld_4a697745b86d4113abae5e560bb865bc","modified":1669035946012,"created":1667315358722,"url":"http://143.198.55.254:3000/contactTag/","name":"get contact tag","description":"","method":"GET","body":{},"parameters":[],"headers":[{"id":"pair_91c92d9fa1074a088a9de80e03b323c1","name":"Authorization","value":"LuQJd5qKr1cC4vLUUQe+WQK8e7fU8TvaEB5wpbeXpww=","description":""}],"authentication":{},"metaSortKey":-1667315358722,"isPrivate":false,"settingStoreCookies":true,"settingSendCookies":true,"settingDisableRenderRequestBody":false,"settingEncodeUrl":true,"settingRebuildPath":true,"settingFollowRedirects":"global","_type":"request"},{"_id":"req_0523e7ed3e294caab97874bfa4cdd20d","parentId":"fld_3afcf20a718242e092ad19a4f70314a8","modified":1669035938832,"created":1667314155517,"url":"http://143.198.55.254:3000/tags/delete/5","name":"delete tag","description":"","method":"DELETE","body":{},"parameters":[],"headers":[{"id":"pair_2436aae5aa7844419c2933c3114aa04b","name":"Authorization","value":"LuQJd5qKr1cC4vLUUQe+WQK8e7fU8TvaEB5wpbeXpww=","description":""}],"authentication":{},"metaSortKey":-1667314155517,"isPrivate":false,"settingStoreCookies":true,"settingSendCookies":true,"settingDisableRenderRequestBody":false,"settingEncodeUrl":true,"settingRebuildPath":true,"settingFollowRedirects":"global","_type":"request"},{"_id":"fld_3afcf20a718242e092ad19a4f70314a8","parentId":"wrk_63a979bbbf124190a3dd89c638d3f306","modified":1667314146743,"created":1667314146743,"name":"tags","description":"","environment":{},"environmentPropertyOrder":null,"metaSortKey":-1667314146743,"_type":"request_group"},{"_id":"req_b18b75be87574c42a9d6b167767405a7","parentId":"fld_3afcf20a718242e092ad19a4f70314a8","modified":1669037364037,"created":1667314154588,"url":"http://143.198.55.254:3000/tags/update/5","name":"update tag","description":"","method":"PUT","body":{"mimeType":"application/json","text":"{\n\t\"name\": \"foudee\"\n}"},"parameters":[],"headers":[{"name":"Content-Type","value":"application/json","id":"pair_8c81c989f59c482d83dd181103322472"},{"id":"pair_03e273a492234cd4b515a01ac978a175","name":"Authorization","value":"LuQJd5qKr1cC4vLUUQe+WQK8e7fU8TvaEB5wpbeXpww=","description":""}],"authentication":{},"metaSortKey":-1667314154588,"isPrivate":false,"settingStoreCookies":true,"settingSendCookies":true,"settingDisableRenderRequestBody":false,"settingEncodeUrl":true,"settingRebuildPath":true,"settingFollowRedirects":"global","_type":"request"},{"_id":"req_761f98178fb34adbb8b34605188901c1","parentId":"fld_3afcf20a718242e092ad19a4f70314a8","modified":1669037360296,"created":1667314153605,"url":"http://143.198.55.254:3000/tags/create/","name":"add new tag","description":"","method":"POST","body":{"mimeType":"application/json","text":"{\n\t\"account_id\": \"38\",\n\t\"name\": \"tesst\"\n}"},"parameters":[],"headers":[{"name":"Content-Type","value":"application/json","id":"pair_e4b73c0953524489963e8f22fbac441d"},{"id":"pair_e0ac2fcea7aa4841aea9de542f5d4c81","name":"Authorization","value":"LuQJd5qKr1cC4vLUUQe+WQK8e7fU8TvaEB5wpbeXpww=","description":""}],"authentication":{},"metaSortKey":-1667314153605,"isPrivate":false,"settingStoreCookies":true,"settingSendCookies":true,"settingDisableRenderRequestBody":false,"settingEncodeUrl":true,"settingRebuildPath":true,"settingFollowRedirects":"global","_type":"request"},{"_id":"req_eebf605fec6d42799728171835338eb9","parentId":"fld_3afcf20a718242e092ad19a4f70314a8","modified":1669035919442,"created":1667314152660,"url":"http://143.198.55.254:3000/tags/2","name":"get tag by id","description":"","method":"GET","body":{},"parameters":[],"headers":[{"id":"pair_6413a85814094ecda38a47302b242d7d","name":"Authorization","value":"LuQJd5qKr1cC4vLUUQe+WQK8e7fU8TvaEB5wpbeXpww=","description":""}],"authentication":{},"metaSortKey":-1667314152660,"isPrivate":false,"settingStoreCookies":true,"settingSendCookies":true,"settingDisableRenderRequestBody":false,"settingEncodeUrl":true,"settingRebuildPath":true,"settingFollowRedirects":"global","_type":"request"},{"_id":"req_428ce413b92244f1bc88b9ee0af6c7bd","parentId":"fld_3afcf20a718242e092ad19a4f70314a8","modified":1669035913477,"created":1667314150710,"url":"http://143.198.55.254:3000/tags/","name":"get all tags","description":"","method":"GET","body":{},"parameters":[],"headers":[{"id":"pair_1a5f70a259c24a95bf98aebc8721e5c4","name":"Authorization","value":"LuQJd5qKr1cC4vLUUQe+WQK8e7fU8TvaEB5wpbeXpww=","description":""}],"authentication":{},"metaSortKey":-1667314150710,"isPrivate":false,"settingStoreCookies":true,"settingSendCookies":true,"settingDisableRenderRequestBody":false,"settingEncodeUrl":true,"settingRebuildPath":true,"settingFollowRedirects":"global","_type":"request"},{"_id":"req_571ea4398322414585182ee15f5e98d0","parentId":"fld_4799ac17a1974f2d8f892758d88e77c4","modified":1669035901590,"created":1667313921014,"url":"http://143.198.55.254:3000/line/delete/12","name":"delete line","description":"","method":"DELETE","body":{},"parameters":[],"headers":[{"id":"pair_945f40c1444f4042bf770a0cb4fb2254","name":"Authorization","value":"LuQJd5qKr1cC4vLUUQe+WQK8e7fU8TvaEB5wpbeXpww=","description":""}],"authentication":{},"metaSortKey":-1667313921014,"isPrivate":false,"settingStoreCookies":true,"settingSendCookies":true,"settingDisableRenderRequestBody":false,"settingEncodeUrl":true,"settingRebuildPath":true,"settingFollowRedirects":"global","_type":"request"},{"_id":"fld_4799ac17a1974f2d8f892758d88e77c4","parentId":"wrk_63a979bbbf124190a3dd89c638d3f306","modified":1667313914361,"created":1667313914361,"name":"lines","description":"","environment":{},"environmentPropertyOrder":null,"metaSortKey":-1667313914361,"_type":"request_group"},{"_id":"req_90dd7d225507483497e2987ed2261822","parentId":"fld_4799ac17a1974f2d8f892758d88e77c4","modified":1669037275771,"created":1667313920317,"url":"http://143.198.55.254:3000/line/update/12","name":"update line","description":"","method":"PUT","body":{"mimeType":"application/json","text":"{\n\t\t\"name\":\"foued\",\n\t\t\"host\":\"127.0.1.1\",\n\t\t\"port\":\"3050\",\n\t\t\"user\":\"foued\",\n\t\t\"password\":\"foued123\",\n\t\t\"status\":\"1\",\n\t\t\"date_start\":\"2022-11-09\"\n\n}"},"parameters":[],"headers":[{"name":"Content-Type","value":"application/json","id":"pair_b44196e7b04e44dcb614785195880639"},{"id":"pair_ca89876ce72b497b959b536aaac6c450","name":"Authorization","value":"LuQJd5qKr1cC4vLUUQe+WQK8e7fU8TvaEB5wpbeXpww=","description":""}],"authentication":{},"metaSortKey":-1667313920317,"isPrivate":false,"settingStoreCookies":true,"settingSendCookies":true,"settingDisableRenderRequestBody":false,"settingEncodeUrl":true,"settingRebuildPath":true,"settingFollowRedirects":"global","_type":"request"},{"_id":"req_aec1c2a1372c48e686d6234137c06b5d","parentId":"fld_4799ac17a1974f2d8f892758d88e77c4","modified":1669037272940,"created":1667313919557,"url":"http://143.198.55.254:3000/line/create/","name":"add new line","description":"","method":"POST","body":{"mimeType":"application/json","text":"{\n\t\t\"account_id\":\"36\",\n\t\t\"name\":\"foued\",\n\t\t\"host\":\"127.0.0.21\",\n\t\t\"port\":\"3050az\",\n\t\t\"user\":\"foued\",\n\t\t\"password\":\"foued123\",\n\t\t\"status\":\"2\",\n\t\t\"date_start\":\"2022-10-02\"\n\n}"},"parameters":[],"headers":[{"name":"Content-Type","value":"application/json","id":"pair_f8b24d5990fd426fb83ca3707b3b7b2b"},{"id":"pair_f408cf4046e44bffaf2557a8c692884d","name":"Authorization","value":"LuQJd5qKr1cC4vLUUQe+WQK8e7fU8TvaEB5wpbeXpww=","description":""}],"authentication":{},"metaSortKey":-1667313919557,"isPrivate":false,"settingStoreCookies":true,"settingSendCookies":true,"settingDisableRenderRequestBody":false,"settingEncodeUrl":true,"settingRebuildPath":true,"settingFollowRedirects":"global","_type":"request"},{"_id":"req_ad7f07b153bc4290b558a5fbac609004","parentId":"fld_4799ac17a1974f2d8f892758d88e77c4","modified":1669035884682,"created":1667313918749,"url":"http://143.198.55.254:3000/line/2","name":"get line by id","description":"","method":"GET","body":{},"parameters":[],"headers":[{"id":"pair_aba4b4ebc23e42dea35f63ebbc46dc52","name":"Authorization","value":"LuQJd5qKr1cC4vLUUQe+WQK8e7fU8TvaEB5wpbeXpww=","description":""}],"authentication":{},"metaSortKey":-1667313918749,"isPrivate":false,"settingStoreCookies":true,"settingSendCookies":true,"settingDisableRenderRequestBody":false,"settingEncodeUrl":true,"settingRebuildPath":true,"settingFollowRedirects":"global","_type":"request"},{"_id":"req_f91ffcde87d146168e2a61da7255757b","parentId":"fld_4799ac17a1974f2d8f892758d88e77c4","modified":1669035879274,"created":1667313917597,"url":"http://143.198.55.254:3000/line/","name":"get all lines","description":"","method":"GET","body":{},"parameters":[],"headers":[{"id":"pair_1bea879ddf1b4fa5a05ce4e6867b13e1","name":"Authorization","value":"LuQJd5qKr1cC4vLUUQe+WQK8e7fU8TvaEB5wpbeXpww=","description":""}],"authentication":{},"metaSortKey":-1667313917597,"isPrivate":false,"settingStoreCookies":true,"settingSendCookies":true,"settingDisableRenderRequestBody":false,"settingEncodeUrl":true,"settingRebuildPath":true,"settingFollowRedirects":"global","_type":"request"},{"_id":"req_5666106e91184f55a2f571e62e3a165d","parentId":"fld_578c73f8d3d24f52af4b1864e9a71e63","modified":1669035872201,"created":1667306542208,"url":"http://143.198.55.254:3000/integration/account/delete/12","name":"delete integration","description":"","method":"DELETE","body":{},"parameters":[],"headers":[{"id":"pair_9cba6b4f48b6419fb19b0fbd972094db","name":"Authorization","value":"LuQJd5qKr1cC4vLUUQe+WQK8e7fU8TvaEB5wpbeXpww=","description":""}],"authentication":{},"metaSortKey":-1667306542208,"isPrivate":false,"settingStoreCookies":true,"settingSendCookies":true,"settingDisableRenderRequestBody":false,"settingEncodeUrl":true,"settingRebuildPath":true,"settingFollowRedirects":"global","_type":"request"},{"_id":"fld_578c73f8d3d24f52af4b1864e9a71e63","parentId":"wrk_63a979bbbf124190a3dd89c638d3f306","modified":1667306529902,"created":1667306529902,"name":"integrations","description":"","environment":{},"environmentPropertyOrder":null,"metaSortKey":-1667306529903,"_type":"request_group"},{"_id":"req_baba83b62626436f90681cac9d3e23c1","parentId":"fld_578c73f8d3d24f52af4b1864e9a71e63","modified":1669037256421,"created":1667306536193,"url":"http://143.198.55.254:3000/integration/account/update/12","name":"update integration","description":"","method":"PUT","body":{"mimeType":"application/json","text":"{\n\t\"app_id\":\"1\",\n\t\"status\":\"2\",\n\t\"date_start\":\"2022-10-11\"\n}"},"parameters":[],"headers":[{"name":"Content-Type","value":"application/json","id":"pair_0604e8cd064b425aa900c8b5bc504b02"},{"id":"pair_c20409b75b7a4537bdd1fc744b35fd39","name":"Authorization","value":"LuQJd5qKr1cC4vLUUQe+WQK8e7fU8TvaEB5wpbeXpww=","description":""}],"authentication":{},"metaSortKey":-1667306536193,"isPrivate":false,"settingStoreCookies":true,"settingSendCookies":true,"settingDisableRenderRequestBody":false,"settingEncodeUrl":true,"settingRebuildPath":true,"settingFollowRedirects":"global","_type":"request"},{"_id":"req_ccdc415a0edf4be989c172b736224949","parentId":"fld_578c73f8d3d24f52af4b1864e9a71e63","modified":1669037219047,"created":1667306535466,"url":"http://143.198.55.254:3000/integration/account/create/","name":"add new integration","description":"","method":"POST","body":{"mimeType":"application/json","text":"{\n\t\"account_id\":\"36\",\n\t\"app_id\":\"1\",\n\t\"status\":\"2\",\n\t\"date_start\":\"2022-11-09\"\n}"},"parameters":[],"headers":[{"name":"Content-Type","value":"application/json","id":"pair_08a2e9244e184744a8bf0d59065a7842"},{"id":"pair_ebd37252cc5746ada9f3b008be9e7a0d","name":"Authorization","value":"LuQJd5qKr1cC4vLUUQe+WQK8e7fU8TvaEB5wpbeXpww=","description":""}],"authentication":{},"metaSortKey":-1667306535466,"isPrivate":false,"settingStoreCookies":true,"settingSendCookies":true,"settingDisableRenderRequestBody":false,"settingEncodeUrl":true,"settingRebuildPath":true,"settingFollowRedirects":"global","_type":"request"},{"_id":"req_6848def17b18472b97044224403dfc15","parentId":"fld_578c73f8d3d24f52af4b1864e9a71e63","modified":1669035829587,"created":1667306533640,"url":"http://143.198.55.254:3000/integration/account/2","name":"get integration by ID","description":"","method":"GET","body":{},"parameters":[],"headers":[{"id":"pair_c65e415f32f64729a223747c94dcbf7a","name":"Authorization","value":"LuQJd5qKr1cC4vLUUQe+WQK8e7fU8TvaEB5wpbeXpww=","description":""}],"authentication":{},"metaSortKey":-1667306533640,"isPrivate":false,"settingStoreCookies":true,"settingSendCookies":true,"settingDisableRenderRequestBody":false,"settingEncodeUrl":true,"settingRebuildPath":true,"settingFollowRedirects":"global","_type":"request"},{"_id":"req_90a98451d36644dca6fbb68f6d9307ad","parentId":"fld_578c73f8d3d24f52af4b1864e9a71e63","modified":1669035824173,"created":1667306532841,"url":"http://143.198.55.254:3000/integration/account/","name":"get all integrations","description":"","method":"GET","body":{},"parameters":[],"headers":[{"id":"pair_ad5b4f1d2a62497ba40ba5415edb0416","name":"Authorization","value":"LuQJd5qKr1cC4vLUUQe+WQK8e7fU8TvaEB5wpbeXpww=","description":""}],"authentication":{},"metaSortKey":-1667306532841,"isPrivate":false,"settingStoreCookies":true,"settingSendCookies":true,"settingDisableRenderRequestBody":false,"settingEncodeUrl":true,"settingRebuildPath":true,"settingFollowRedirects":"global","_type":"request"},{"_id":"req_da992dec765247bea3acfe0d4d514d32","parentId":"fld_e4a2d9997e314d2baa8d755a8994d4f4","modified":1669035816306,"created":1667304805673,"url":"http://143.198.55.254:3000/groupsElement/delete/10","name":"delete group element","description":"","method":"DELETE","body":{},"parameters":[],"headers":[{"id":"pair_f7a7c354c6d942cdb396b797a618be27","name":"Authorization","value":"LuQJd5qKr1cC4vLUUQe+WQK8e7fU8TvaEB5wpbeXpww=","description":""}],"authentication":{},"metaSortKey":-1667304805673,"isPrivate":false,"settingStoreCookies":true,"settingSendCookies":true,"settingDisableRenderRequestBody":false,"settingEncodeUrl":true,"settingRebuildPath":true,"settingFollowRedirects":"global","_type":"request"},{"_id":"fld_e4a2d9997e314d2baa8d755a8994d4f4","parentId":"wrk_63a979bbbf124190a3dd89c638d3f306","modified":1667304797920,"created":1667304797920,"name":"groupe element","description":"","environment":{},"environmentPropertyOrder":null,"metaSortKey":-1667304797920,"_type":"request_group"},{"_id":"req_fb2a69436af540189f8941d11fda1c97","parentId":"fld_e4a2d9997e314d2baa8d755a8994d4f4","modified":1669039397407,"created":1667304805040,"url":"http://143.198.55.254:3000/groupsElement/update/10","name":"update group element","description":"","method":"PUT","body":{"mimeType":"application/json","text":"{\n\t\"element\":\"3\",\n\t\"element_id\":\"3\"\n}"},"parameters":[],"headers":[{"name":"Content-Type","value":"application/json","id":"pair_560d0f9acdfa40aa993e1f07f7308c7e"},{"id":"pair_f2456c9e705b405b84a4a1026c4a2b9d","name":"Authorization","value":"LuQJd5qKr1cC4vLUUQe+WQK8e7fU8TvaEB5wpbeXpww=","description":""}],"authentication":{},"metaSortKey":-1667304805040,"isPrivate":false,"settingStoreCookies":true,"settingSendCookies":true,"settingDisableRenderRequestBody":false,"settingEncodeUrl":true,"settingRebuildPath":true,"settingFollowRedirects":"global","_type":"request"},{"_id":"req_fc979a70719d456a9f3ee5de16e0305c","parentId":"fld_e4a2d9997e314d2baa8d755a8994d4f4","modified":1669037199699,"created":1667304804279,"url":"http://143.198.55.254:3000/groupsElement/create/","name":"add group element","description":"","method":"POST","body":{"mimeType":"application/json","text":"{\n\t\"group_id\":\"25\",\n\t\"element\":\"1\",\n\t\"element_id\":\"1\"\n}"},"parameters":[],"headers":[{"name":"Content-Type","value":"application/json","id":"pair_5b194f6d737e4cce98cca30d5291e016"},{"id":"pair_26a3115abb77475f97b7251956bba943","name":"Authorization","value":"LuQJd5qKr1cC4vLUUQe+WQK8e7fU8TvaEB5wpbeXpww=","description":""}],"authentication":{},"metaSortKey":-1667304804279,"isPrivate":false,"settingStoreCookies":true,"settingSendCookies":true,"settingDisableRenderRequestBody":false,"settingEncodeUrl":true,"settingRebuildPath":true,"settingFollowRedirects":"global","_type":"request"},{"_id":"req_b945c5750c194cf2a7e9b7fd30638923","parentId":"fld_e4a2d9997e314d2baa8d755a8994d4f4","modified":1669035803817,"created":1667304803536,"url":"http://143.198.55.254:3000/groupsElement/1","name":"group element by id","description":"","method":"GET","body":{},"parameters":[],"headers":[{"id":"pair_5ab468b7e1074950b06cf45fd6f1efa9","name":"Authorization","value":"LuQJd5qKr1cC4vLUUQe+WQK8e7fU8TvaEB5wpbeXpww=","description":""}],"authentication":{},"metaSortKey":-1667304803537,"isPrivate":false,"settingStoreCookies":true,"settingSendCookies":true,"settingDisableRenderRequestBody":false,"settingEncodeUrl":true,"settingRebuildPath":true,"settingFollowRedirects":"global","_type":"request"},{"_id":"req_01ff3693bd36481cbc212da2adf564b7","parentId":"fld_e4a2d9997e314d2baa8d755a8994d4f4","modified":1669035799909,"created":1667304802623,"url":"http://143.198.55.254:3000/groupsElement/","name":"get all group element","description":"","method":"GET","body":{},"parameters":[],"headers":[{"id":"pair_6bdbfab874444c4995e219013c7bd8b3","name":"Authorization","value":"LuQJd5qKr1cC4vLUUQe+WQK8e7fU8TvaEB5wpbeXpww=","description":""}],"authentication":{},"metaSortKey":-1667304802623,"isPrivate":false,"settingStoreCookies":true,"settingSendCookies":true,"settingDisableRenderRequestBody":false,"settingEncodeUrl":true,"settingRebuildPath":true,"settingFollowRedirects":"global","_type":"request"},{"_id":"req_f40cb61b669846c89c87015cb6ed3010","parentId":"fld_3e2f82d5971043ddba3a4e5a273cb159","modified":1669035791004,"created":1667302268326,"url":"http://143.198.55.254:3000/groups/delete/24","name":"delete group","description":"","method":"DELETE","body":{},"parameters":[],"headers":[{"id":"pair_3240602091064e57a63204d2e2ef8b0f","name":"Authorization","value":"LuQJd5qKr1cC4vLUUQe+WQK8e7fU8TvaEB5wpbeXpww=","description":""}],"authentication":{},"metaSortKey":-1667302268326,"isPrivate":false,"settingStoreCookies":true,"settingSendCookies":true,"settingDisableRenderRequestBody":false,"settingEncodeUrl":true,"settingRebuildPath":true,"settingFollowRedirects":"global","_type":"request"},{"_id":"fld_3e2f82d5971043ddba3a4e5a273cb159","parentId":"wrk_63a979bbbf124190a3dd89c638d3f306","modified":1667302259609,"created":1667302259609,"name":"groups ","description":"","environment":{},"environmentPropertyOrder":null,"metaSortKey":-1667302259609,"_type":"request_group"},{"_id":"req_8bbf87772de54dffb552f286ea176c82","parentId":"fld_3e2f82d5971043ddba3a4e5a273cb159","modified":1669037188144,"created":1667302267487,"url":"http://143.198.55.254:3000/groups/update/24","name":"update groupe","description":"","method":"PUT","body":{"mimeType":"application/json","text":"{\n\t\"name\":\"test azeazeae2\",\n\t\"class\":\"1\"\n}"},"parameters":[],"headers":[{"name":"Content-Type","value":"application/json","id":"pair_73a2a25a75ae42ab8cf0bd9f47bdfe6b"},{"id":"pair_7c3832f2153448d2bf800088aaa99f9f","name":"Authorization","value":"LuQJd5qKr1cC4vLUUQe+WQK8e7fU8TvaEB5wpbeXpww=","description":""}],"authentication":{},"metaSortKey":-1667302267487,"isPrivate":false,"settingStoreCookies":true,"settingSendCookies":true,"settingDisableRenderRequestBody":false,"settingEncodeUrl":true,"settingRebuildPath":true,"settingFollowRedirects":"global","_type":"request"},{"_id":"req_aeacce35cd154473a388b41baac9da69","parentId":"fld_3e2f82d5971043ddba3a4e5a273cb159","modified":1669037185217,"created":1667302266558,"url":"http://143.198.55.254:3000/groups/create/","name":"add new group","description":"","method":"POST","body":{"mimeType":"application/json","text":"{\n\t\"account_id\":\"36\",\n\t\"name\":\"Foued gangsta\",\n\t\"class\":\"2\"\n}"},"parameters":[],"headers":[{"name":"Content-Type","value":"application/json","id":"pair_5b813dcb89984a45a3a7b2505d0b178d"},{"id":"pair_d10bb83175fc414c96c676fc3a986cc9","name":"Authorization","value":"LuQJd5qKr1cC4vLUUQe+WQK8e7fU8TvaEB5wpbeXpww=","description":""}],"authentication":{},"metaSortKey":-1667302266558,"isPrivate":false,"settingStoreCookies":true,"settingSendCookies":true,"settingDisableRenderRequestBody":false,"settingEncodeUrl":true,"settingRebuildPath":true,"settingFollowRedirects":"global","_type":"request"},{"_id":"req_4fb37419c2144d8999c861a718f3654e","parentId":"fld_3e2f82d5971043ddba3a4e5a273cb159","modified":1669035780202,"created":1667302265670,"url":"http://143.198.55.254:3000/groups/2","name":"get group by id","description":"","method":"GET","body":{},"parameters":[],"headers":[{"id":"pair_9afc6a0c96974674b01f96e3f378ff9f","name":"Authorization","value":"LuQJd5qKr1cC4vLUUQe+WQK8e7fU8TvaEB5wpbeXpww=","description":""}],"authentication":{},"metaSortKey":-1667302265670,"isPrivate":false,"settingStoreCookies":true,"settingSendCookies":true,"settingDisableRenderRequestBody":false,"settingEncodeUrl":true,"settingRebuildPath":true,"settingFollowRedirects":"global","_type":"request"},{"_id":"req_7d31d2cc795a48ab89fc06bc0d31b14a","parentId":"fld_3e2f82d5971043ddba3a4e5a273cb159","modified":1669035775402,"created":1667302264623,"url":"http://143.198.55.254:3000/groups/","name":"get all groups","description":"","method":"GET","body":{},"parameters":[],"headers":[{"id":"pair_d1cacf8643b546e59d039354fbbcd6bd","name":"Authorization","value":"LuQJd5qKr1cC4vLUUQe+WQK8e7fU8TvaEB5wpbeXpww=","description":""}],"authentication":{},"metaSortKey":-1667302264623,"isPrivate":false,"settingStoreCookies":true,"settingSendCookies":true,"settingDisableRenderRequestBody":false,"settingEncodeUrl":true,"settingRebuildPath":true,"settingFollowRedirects":"global","_type":"request"},{"_id":"req_fcebb0d6cd784135bbc6cc137985fa25","parentId":"fld_72f11d70f24b404aa28852a3b7f42acf","modified":1669035769549,"created":1667298896956,"url":"http://143.198.55.254:3000/phoneNumber/delete/26","name":"delete co phone number","description":"","method":"DELETE","body":{},"parameters":[],"headers":[{"id":"pair_85fadfbdb4e84a8e9ab531a8c6f0fb5a","name":"Authorization","value":"LuQJd5qKr1cC4vLUUQe+WQK8e7fU8TvaEB5wpbeXpww=","description":""}],"authentication":{},"metaSortKey":-1667298896956,"isPrivate":false,"settingStoreCookies":true,"settingSendCookies":true,"settingDisableRenderRequestBody":false,"settingEncodeUrl":true,"settingRebuildPath":true,"settingFollowRedirects":"global","_type":"request"},{"_id":"fld_72f11d70f24b404aa28852a3b7f42acf","parentId":"wrk_63a979bbbf124190a3dd89c638d3f306","modified":1667990561579,"created":1667298887958,"name":"contact phone ","description":"","environment":{},"environmentPropertyOrder":null,"metaSortKey":-1667298887958,"_type":"request_group"},{"_id":"req_c1165e6c03a44f3db65c5587ab534f7d","parentId":"fld_72f11d70f24b404aa28852a3b7f42acf","modified":1669037168972,"created":1667298895932,"url":"http://143.198.55.254:3000/phoneNumber/update/26","name":"update contact phone number","description":"","method":"PUT","body":{"mimeType":"application/json","text":"{\n\n\t\"class\":\"1\",\n\t\"number\":\"+21650028958\",\n\t\"defaultt\":\"0\",\n\t\"status\":\"1\"\n}"},"parameters":[],"headers":[{"name":"Content-Type","value":"application/json","id":"pair_5be877aff0de413b8cc1aa2d017c993f"},{"id":"pair_c67caa74b2354ed0aae9c798ed4e622e","name":"Authorization","value":"LuQJd5qKr1cC4vLUUQe+WQK8e7fU8TvaEB5wpbeXpww=","description":""}],"authentication":{},"metaSortKey":-1667298895932,"isPrivate":false,"settingStoreCookies":true,"settingSendCookies":true,"settingDisableRenderRequestBody":false,"settingEncodeUrl":true,"settingRebuildPath":true,"settingFollowRedirects":"global","_type":"request"},{"_id":"req_059e964ee49f4af089549748a6988c8e","parentId":"fld_72f11d70f24b404aa28852a3b7f42acf","modified":1669037158204,"created":1667298895052,"url":"http://143.198.55.254:3000/phoneNumber/create/","name":"add new phone number","description":"","method":"POST","body":{"mimeType":"application/json","text":"{\n\t\"contact_id\":\"33\",\n\t\"class\":\"1\",\n\t\"number\":\"+21650028950\",\n\t \"defaultt\":\"0\",\n\t\"status\":\"1\"\n}"},"parameters":[],"headers":[{"name":"Content-Type","value":"application/json","id":"pair_c2bb260a1fa94ee4adf915f3c6221bc7"},{"id":"pair_5bc58f60eb494f3dbe61d8700685ee95","name":"Authorization","value":"LuQJd5qKr1cC4vLUUQe+WQK8e7fU8TvaEB5wpbeXpww=","description":""}],"authentication":{},"metaSortKey":-1667298895052,"isPrivate":false,"settingStoreCookies":true,"settingSendCookies":true,"settingDisableRenderRequestBody":false,"settingEncodeUrl":true,"settingRebuildPath":true,"settingFollowRedirects":"global","_type":"request"},{"_id":"req_bf8913ea64274ba59364f1f64bf2d794","parentId":"fld_72f11d70f24b404aa28852a3b7f42acf","modified":1669037154891,"created":1667298893774,"url":"http://143.198.55.254:3000/phoneNumber/1","name":"get phone number by ID","description":"","method":"GET","body":{},"parameters":[],"headers":[{"id":"pair_caaf8176fe724ffa9652848feb8c04a6","name":"Authorization","value":"LuQJd5qKr1cC4vLUUQe+WQK8e7fU8TvaEB5wpbeXpww=","description":""},{"id":"pair_a8af92f583d443858ce4c3a373593ed8","name":"","value":"","description":""}],"authentication":{},"metaSortKey":-1667298893774,"isPrivate":false,"settingStoreCookies":true,"settingSendCookies":true,"settingDisableRenderRequestBody":false,"settingEncodeUrl":true,"settingRebuildPath":true,"settingFollowRedirects":"global","_type":"request"},{"_id":"req_30a2a6a53a91497cb608701b0395fc25","parentId":"fld_72f11d70f24b404aa28852a3b7f42acf","modified":1669035737092,"created":1667298892698,"url":"http://143.198.55.254:3000/phoneNumber/","name":"get all phone numbers","description":"","method":"GET","body":{},"parameters":[],"headers":[{"id":"pair_919dcca612c548c685f6179bfe968570","name":"Authorization","value":"LuQJd5qKr1cC4vLUUQe+WQK8e7fU8TvaEB5wpbeXpww=","description":""}],"authentication":{},"metaSortKey":-1667298892698,"isPrivate":false,"settingStoreCookies":true,"settingSendCookies":true,"settingDisableRenderRequestBody":false,"settingEncodeUrl":true,"settingRebuildPath":true,"settingFollowRedirects":"global","_type":"request"},{"_id":"req_3a463dcbeb6d43f7a77e332cb0a15956","parentId":"fld_ec6496d6ec0e4b2f94fafb4a11809699","modified":1669036953448,"created":1667296601425,"url":"http://143.198.55.254:3000/notes/delete/14","name":"delete note","description":"","method":"DELETE","body":{},"parameters":[],"headers":[{"id":"pair_45349219adb944cba0882077659b363e","name":"Authorization","value":"LuQJd5qKr1cC4vLUUQe+WQK8e7fU8TvaEB5wpbeXpww=","description":""}],"authentication":{},"metaSortKey":-1667296601425,"isPrivate":false,"settingStoreCookies":true,"settingSendCookies":true,"settingDisableRenderRequestBody":false,"settingEncodeUrl":true,"settingRebuildPath":true,"settingFollowRedirects":"global","_type":"request"},{"_id":"fld_ec6496d6ec0e4b2f94fafb4a11809699","parentId":"wrk_63a979bbbf124190a3dd89c638d3f306","modified":1667296510553,"created":1667296510553,"name":"contact notes","description":"","environment":{},"environmentPropertyOrder":null,"metaSortKey":-1667296510553,"_type":"request_group"},{"_id":"req_b83e16461b2c413fb220d6641f814995","parentId":"fld_ec6496d6ec0e4b2f94fafb4a11809699","modified":1669036939604,"created":1667296520410,"url":"http://143.198.55.254:3000/notes/update/16","name":"update note","description":"","method":"PUT","body":{"mimeType":"application/json","text":"\t{\n\t\t\"note\": \"idk bro az2\"\n\t\t\n\t}"},"parameters":[],"headers":[{"name":"Content-Type","value":"application/json","id":"pair_d27f45c4bf824eb29b189f773ff330b8"},{"id":"pair_ba2135e2a8ba44d9a526169ae43037e4","name":"Authorization","value":"LuQJd5qKr1cC4vLUUQe+WQK8e7fU8TvaEB5wpbeXpww=","description":""}],"authentication":{},"metaSortKey":-1667296520410,"isPrivate":false,"settingStoreCookies":true,"settingSendCookies":true,"settingDisableRenderRequestBody":false,"settingEncodeUrl":true,"settingRebuildPath":true,"settingFollowRedirects":"global","_type":"request"},{"_id":"req_ee26d80ff1294fc5b1f32a46dd8ab72c","parentId":"fld_ec6496d6ec0e4b2f94fafb4a11809699","modified":1669036938719,"created":1667296519491,"url":"http://143.198.55.254:3000/notes/create/","name":"add new note","description":"","method":"POST","body":{"mimeType":"application/json","text":"\t{\n\t\t\"contact_id\":\"34\",\n\t\t\"note\": \"idk bro 2\"\n\t\t\n\t}"},"parameters":[],"headers":[{"name":"Content-Type","value":"application/json","id":"pair_dae9e3625c674a3baa69937182bc9a91"},{"id":"pair_00eea64e1747476db8c56031cb5bf5c0","name":"Authorization","value":"LuQJd5qKr1cC4vLUUQe+WQK8e7fU8TvaEB5wpbeXpww=","description":""}],"authentication":{},"metaSortKey":-1667296519491,"isPrivate":false,"settingStoreCookies":true,"settingSendCookies":true,"settingDisableRenderRequestBody":false,"settingEncodeUrl":true,"settingRebuildPath":true,"settingFollowRedirects":"global","_type":"request"},{"_id":"req_e67e0ad51732432c9a147400ef67c931","parentId":"fld_ec6496d6ec0e4b2f94fafb4a11809699","modified":1669035714668,"created":1667296518556,"url":"http://143.198.55.254:3000/notes/3","name":"get note by id","description":"","method":"GET","body":{},"parameters":[],"headers":[{"id":"pair_b49023abc9a64c40bba978e0641a2514","name":"Authorization","value":"LuQJd5qKr1cC4vLUUQe+WQK8e7fU8TvaEB5wpbeXpww=","description":""}],"authentication":{},"metaSortKey":-1667296518556,"isPrivate":false,"settingStoreCookies":true,"settingSendCookies":true,"settingDisableRenderRequestBody":false,"settingEncodeUrl":true,"settingRebuildPath":true,"settingFollowRedirects":"global","_type":"request"},{"_id":"req_5fdca3a9a8e2409e96b7d8773f0bea59","parentId":"fld_ec6496d6ec0e4b2f94fafb4a11809699","modified":1669035711716,"created":1667296516372,"url":"http://143.198.55.254:3000/notes/","name":"get all contact note","description":"","method":"GET","body":{},"parameters":[],"headers":[{"id":"pair_23e1bbc31f784612b046ad78b38edaf5","name":"Authorization","value":"LuQJd5qKr1cC4vLUUQe+WQK8e7fU8TvaEB5wpbeXpww=","description":""}],"authentication":{},"metaSortKey":-1667296516372,"isPrivate":false,"settingStoreCookies":true,"settingSendCookies":true,"settingDisableRenderRequestBody":false,"settingEncodeUrl":true,"settingRebuildPath":true,"settingFollowRedirects":"global","_type":"request"},{"_id":"req_c1c507b18ab74c6e948b8ffaac60c075","parentId":"fld_30c79f161e944e988c72e85e053570a2","modified":1669035704632,"created":1667290528202,"url":"http://143.198.55.254:3000/contacts/delete/36","name":"Delete contact","description":"","method":"DELETE","body":{},"parameters":[],"headers":[{"id":"pair_eb93f4530ebe40d5a55fff57e5ec8175","name":"authorization","value":"LuQJd5qKr1cC4vLUUQe+WQK8e7fU8TvaEB5wpbeXpww=","description":""}],"authentication":{},"metaSortKey":-1667290528202,"isPrivate":false,"settingStoreCookies":true,"settingSendCookies":true,"settingDisableRenderRequestBody":false,"settingEncodeUrl":true,"settingRebuildPath":true,"settingFollowRedirects":"global","_type":"request"},{"_id":"fld_30c79f161e944e988c72e85e053570a2","parentId":"wrk_63a979bbbf124190a3dd89c638d3f306","modified":1667290273550,"created":1667290273550,"name":"contacts ","description":"","environment":{},"environmentPropertyOrder":null,"metaSortKey":-1667290273550,"_type":"request_group"},{"_id":"req_a183d04dce964faa98c37dce6ae961e4","parentId":"fld_30c79f161e944e988c72e85e053570a2","modified":1669036864452,"created":1667290475489,"url":"http://143.198.55.254:3000/contacts/update/5","name":"update contact","description":"","method":"PUT","body":{"mimeType":"application/json","text":"{\n\t\"first_name\":\"Foued\",\n\t\"last_name\":\"Hamamaouda\",\n\t\"country\":\"TN\",\n\t\"source\":\"1\",\n\t\"favorite\":\"1\"\n}"},"parameters":[],"headers":[{"name":"Content-Type","value":"application/json","id":"pair_a0021d2df0ac439a958180c08b0f944e"},{"id":"pair_e34a6a4c74dc4abb9111795afb46b31d","name":"authorization","value":"LuQJd5qKr1cC4vLUUQe+WQK8e7fU8TvaEB5wpbeXpww=","description":""}],"authentication":{},"metaSortKey":-1667290475489,"isPrivate":false,"settingStoreCookies":true,"settingSendCookies":true,"settingDisableRenderRequestBody":false,"settingEncodeUrl":true,"settingRebuildPath":true,"settingFollowRedirects":"global","_type":"request"},{"_id":"req_24ffe263a42f42fa88fa63ebc8ff3e05","parentId":"fld_30c79f161e944e988c72e85e053570a2","modified":1669036795915,"created":1667290436872,"url":"http://143.198.55.254:3000/contacts/create/","name":"add new contact","description":"","method":"POST","body":{"mimeType":"application/json","text":"{\n\t\"account_id\":\"36\",\n\t\"first_name\":\"ADMIN\",\n\t\"last_name\":\"hammouda\",\n\t\"country\":\"TN\",\n\t\"source\":\"1\",\n\t\"favorite\":\"1\"\n}"},"parameters":[],"headers":[{"name":"Content-Type","value":"application/json","id":"pair_160b5c16459845c9846e56768b9dfcf1"},{"id":"pair_315f8c2bf9fe496eaa7d59c1cb6aff48","name":"Authorization","value":"LuQJd5qKr1cC4vLUUQe+WQK8e7fU8TvaEB5wpbeXpww=","description":""}],"authentication":{},"metaSortKey":-1667290436872,"isPrivate":false,"settingStoreCookies":true,"settingSendCookies":true,"settingDisableRenderRequestBody":false,"settingEncodeUrl":true,"settingRebuildPath":true,"settingFollowRedirects":"global","_type":"request"},{"_id":"req_0f0fd6fc457649e3b9555ef6e89a3284","parentId":"fld_30c79f161e944e988c72e85e053570a2","modified":1669035690853,"created":1667290299993,"url":"http://143.198.55.254:3000/contacts/2","name":"Get contact By ID","description":"","method":"GET","body":{},"parameters":[],"headers":[{"id":"pair_2aca4678c90e4388b2244379a653efaf","name":"Authorization","value":"LuQJd5qKr1cC4vLUUQe+WQK8e7fU8TvaEB5wpbeXpww=","description":""}],"authentication":{},"metaSortKey":-1667290299993,"isPrivate":false,"settingStoreCookies":true,"settingSendCookies":true,"settingDisableRenderRequestBody":false,"settingEncodeUrl":true,"settingRebuildPath":true,"settingFollowRedirects":"global","_type":"request"},{"_id":"req_69052067b28b420b8014a6412ca8b460","parentId":"fld_30c79f161e944e988c72e85e053570a2","modified":1669035683678,"created":1667290277700,"url":"http://143.198.55.254:3000/contacts/","name":"get all contacts","description":"","method":"GET","body":{},"parameters":[],"headers":[{"id":"pair_eef94945188b4fb693f3d90138c322f9","name":"Authorization","value":"LuQJd5qKr1cC4vLUUQe+WQK8e7fU8TvaEB5wpbeXpww=","description":""},{"id":"pair_b63de89a02e447cc9c1af0684af1501f","name":"","value":"","description":""}],"authentication":{},"metaSortKey":-1667290277700,"isPrivate":false,"settingStoreCookies":true,"settingSendCookies":true,"settingDisableRenderRequestBody":false,"settingEncodeUrl":true,"settingRebuildPath":true,"settingFollowRedirects":"global","_type":"request"},{"_id":"req_dc3608030d42407f92c08e8df0e254a8","parentId":"fld_094cde9f6b5847c5b2696307a05aceb8","modified":1669036783696,"created":1668589221358,"url":"http://143.198.55.254:3000/users/login/","name":"Login user","description":"","method":"POST","body":{"mimeType":"application/json","text":"{\n\t\"login\":\"fedit\",\n\t\"password\":\"12345\"\n}"},"parameters":[],"headers":[{"name":"Content-Type","value":"application/json","id":"pair_1ba54f3f655f479b9c4d8446547c096c"},{"id":"pair_7a14ae9b81144c33b40bd3664622bd60","name":"Authorization","value":"LuQJd5qKr1cC4vLUUQe+WQK8e7fU8TvaEB5wpbeXpww=","description":""}],"authentication":{},"metaSortKey":-1668589221358,"isPrivate":false,"settingStoreCookies":true,"settingSendCookies":true,"settingDisableRenderRequestBody":false,"settingEncodeUrl":true,"settingRebuildPath":true,"settingFollowRedirects":"global","_type":"request"},{"_id":"fld_094cde9f6b5847c5b2696307a05aceb8","parentId":"wrk_63a979bbbf124190a3dd89c638d3f306","modified":1668002850618,"created":1667317194326,"name":"users","description":"","environment":{},"environmentPropertyOrder":null,"metaSortKey":-1667289646447,"_type":"request_group"},{"_id":"req_a79a4090504e41c4adc9a1135b3550ff","parentId":"fld_094cde9f6b5847c5b2696307a05aceb8","modified":1669036780514,"created":1667317213284,"url":"http://143.198.55.254:3000/users/delete/256","name":"delete user","description":"","method":"DELETE","body":{},"parameters":[],"headers":[{"id":"pair_3858208146ea47b88488847448dc1497","name":"Authorization","value":"LuQJd5qKr1cC4vLUUQe+WQK8e7fU8TvaEB5wpbeXpww=","description":""}],"authentication":{},"metaSortKey":-1667317213284,"isPrivate":false,"settingStoreCookies":true,"settingSendCookies":true,"settingDisableRenderRequestBody":false,"settingEncodeUrl":true,"settingRebuildPath":true,"settingFollowRedirects":"global","_type":"request"},{"_id":"req_3fbcf8fe395a441fa40a97a837ec5ddb","parentId":"fld_094cde9f6b5847c5b2696307a05aceb8","modified":1669036763293,"created":1667317212316,"url":"http://143.198.55.254:3000/users/update/274","name":"update user","description":"","method":"PUT","body":{"mimeType":"application/json","text":"{\n\t\t\"username\": \"foueda\",\n\t\t\"login\": \"ahla biakaaaaaaaa\",\n\t\t\"password\": \"12a45\",\n\t\t\"default_theme\": \"1\",\n\t\t\"default_language\": \"AR\",\n\t\t\"default_timezone\": \"1\",\n\t\t\"default_ring_sound\": \"aze.mp3\",\n\t\t\"email\": \"test@gmail.com\",\n\t\t\"status\": \"1\",\n\t\t\"date_start\": \"2022-01-31\"\n}\n"},"parameters":[],"headers":[{"name":"Content-Type","value":"application/json","id":"pair_35d4875c439e40e7aa9c22c3a12f40e7"},{"id":"pair_f4893182da03487898523067737a2ae4","name":"authorization","value":"LuQJd5qKr1cC4vLUUQe+WQK8e7fU8TvaEB5wpbeXpww=","description":""}],"authentication":{},"metaSortKey":-1667317211476,"isPrivate":false,"settingStoreCookies":true,"settingSendCookies":true,"settingDisableRenderRequestBody":false,"settingEncodeUrl":true,"settingRebuildPath":true,"settingFollowRedirects":"global","_type":"request"},{"_id":"req_3ba4da9c0e6048d998f2ef0a8062b8f8","parentId":"fld_094cde9f6b5847c5b2696307a05aceb8","modified":1669036716921,"created":1668500605419,"url":"http://143.198.55.254:3000/users/create/","name":"add new user","description":"","method":"POST","body":{"mimeType":"application/json","text":"{\n\t\"account_id\": \"36\",\n\t\"username\": \"déja\",\n\t\"login\": \"aighttyy\",\n\t\"password\": \"12345\",\n\t\"default_theme\": \"1\",\n\t\"default_language\": \"AR\",\n\t\"default_timezone\": \"1\",\n\t\"default_ring_sound\": \"aze.mp3\",\n\t\"email\": \"test@gmail.com\",\n\t\"status\": \"1\",\n\t\"date_start\": \"2022-01-31\"\n}"},"parameters":[],"headers":[{"name":"Content-Type","value":"application/json","id":"pair_5adb19fec1d74696b29214d9409dcdca"},{"id":"pair_a19d4cdc0405482392e3f5a5637acd07","name":"Authorization","value":"LuQJd5qKr1cC4vLUUQe+WQK8e7fU8TvaEB5wpbeXpww=","description":""}],"authentication":{},"metaSortKey":-1667317210572,"isPrivate":false,"settingStoreCookies":true,"settingSendCookies":true,"settingDisableRenderRequestBody":false,"settingEncodeUrl":true,"settingRebuildPath":true,"settingFollowRedirects":"global","_type":"request"},{"_id":"req_75a94c8ac59943cd9918c535bea923cb","parentId":"fld_094cde9f6b5847c5b2696307a05aceb8","modified":1669035631512,"created":1667317209668,"url":"http://143.198.55.254:3000/users/2","name":"get user by id","description":"","method":"GET","body":{},"parameters":[],"headers":[{"id":"pair_b85792088a7e42b087c0ecbb6dd413ed","name":"authorization","value":"LuQJd5qKr1cC4vLUUQe+WQK8e7fU8TvaEB5wpbeXpww=","description":""}],"authentication":{},"metaSortKey":-1667317209668,"isPrivate":false,"settingStoreCookies":true,"settingSendCookies":true,"settingDisableRenderRequestBody":false,"settingEncodeUrl":true,"settingRebuildPath":true,"settingFollowRedirects":"global","_type":"request"},{"_id":"req_3119a4069e8646fa9eb0b4f8c8932b6b","parentId":"fld_094cde9f6b5847c5b2696307a05aceb8","modified":1669036662036,"created":1667317208110,"url":"http://143.198.55.254:3000/users/","name":"get all users","description":"","method":"GET","body":{},"parameters":[],"headers":[{"id":"pair_677061d096fb485cb4a90ce7841dfec4","name":"Authorization","value":"LuQJd5qKr1cC4vLUUQe+WQK8e7fU8TvaEB5wpbeXpww=","description":""}],"authentication":{},"metaSortKey":-1667317208110,"isPrivate":false,"settingStoreCookies":true,"settingSendCookies":true,"settingDisableRenderRequestBody":false,"settingEncodeUrl":true,"settingRebuildPath":true,"settingFollowRedirects":"global","_type":"request"},{"_id":"req_df7beb1d8e6e46d2b80ffd73ab574549","parentId":"fld_473378997b394d58b40199d5d04d77e3","modified":1669035590638,"created":1667289204247,"url":"http://143.198.55.254:3000/accounts/delete/45","name":"delete account","description":"","method":"DELETE","body":{"mimeType":"application/json","text":""},"parameters":[],"headers":[{"name":"Content-Type","value":"application/json","id":"pair_d4935820413541b7b94b66f78dbdcf82"},{"id":"pair_f10da57a76404632b5625e750245d108","name":"authorization","value":"LuQJd5qKr1cC4vLUUQe+WQK8e7fU8TvaEB5wpbeXpww=","description":""},{"id":"pair_d70e1b74f60041a784df28d2e0014e82","name":"","value":"","description":""}],"authentication":{},"metaSortKey":-1667289204247,"isPrivate":false,"settingStoreCookies":true,"settingSendCookies":true,"settingDisableRenderRequestBody":false,"settingEncodeUrl":true,"settingRebuildPath":true,"settingFollowRedirects":"global","_type":"request"},{"_id":"fld_473378997b394d58b40199d5d04d77e3","parentId":"wrk_63a979bbbf124190a3dd89c638d3f306","modified":1667289019344,"created":1667289019344,"name":"accounts","description":"","environment":{},"environmentPropertyOrder":null,"metaSortKey":-1667289019344,"_type":"request_group"},{"_id":"req_2be8bfab0ca5488d9779bbbd54908281","parentId":"fld_473378997b394d58b40199d5d04d77e3","modified":1669035557261,"created":1667289188919,"url":"http://143.198.55.254:3000/accounts/update/45","name":"update account","description":"","method":"PUT","body":{"mimeType":"application/json","text":"{\n\t\"name\":\"test test\",\n\t\"status\":\"3\",\n\t\"date_start\":\"2022-12-20\"\n\t\n}"},"parameters":[],"headers":[{"name":"Content-Type","value":"application/json","id":"pair_6ffdc6b0f3714e0cb42b6ad930e194a0"},{"id":"pair_c8e4b58b02a840af81d1bcc96d7dd27b","name":"Authorization","value":"LuQJd5qKr1cC4vLUUQe+WQK8e7fU8TvaEB5wpbeXpww=","description":""}],"authentication":{},"metaSortKey":-1667289188919,"isPrivate":false,"settingStoreCookies":true,"settingSendCookies":true,"settingDisableRenderRequestBody":false,"settingEncodeUrl":true,"settingRebuildPath":true,"settingFollowRedirects":"global","_type":"request"},{"_id":"req_c91fc4db9e934e688a6ec560237ad048","parentId":"fld_473378997b394d58b40199d5d04d77e3","modified":1669035527221,"created":1667289088703,"url":"http://143.198.55.254:3000/accounts/create/","name":"add new account","description":"","method":"POST","body":{"mimeType":"application/json","text":"{\n\t\"name\":\"test server\",\n\t\"status\":\"1\",\n\t\"date_start\":\"2022-11-17\"\n}"},"parameters":[],"headers":[{"name":"Content-Type","value":"application/json","id":"pair_2e59afb699504c99b693a4d8e872a751"},{"id":"pair_fb61ade5f5b64a8f8dbac3f4913000bf","name":"authorization","value":"LuQJd5qKr1cC4vLUUQe+WQK8e7fU8TvaEB5wpbeXpww=","description":""},{"id":"pair_a757c91ce67d484e9b285dde8af8cf5e","name":"","value":"","description":""}],"authentication":{},"metaSortKey":-1667289088703,"isPrivate":false,"settingStoreCookies":true,"settingSendCookies":true,"settingDisableRenderRequestBody":false,"settingEncodeUrl":true,"settingRebuildPath":true,"settingFollowRedirects":"global","_type":"request"},{"_id":"req_ff14ba31fe54479eb43a031e8c889e6b","parentId":"fld_473378997b394d58b40199d5d04d77e3","modified":1669035498586,"created":1667289071895,"url":"http://143.198.55.254:3000/accounts/45","name":"get account by ID","description":"","method":"GET","body":{},"parameters":[],"headers":[{"id":"pair_eada53a4405145228fa28abfaee2cdf5","name":"authorization","value":"LuQJd5qKr1cC4vLUUQe+WQK8e7fU8TvaEB5wpbeXpww=","description":""}],"authentication":{},"metaSortKey":-1667289071895,"isPrivate":false,"settingStoreCookies":true,"settingSendCookies":true,"settingDisableRenderRequestBody":false,"settingEncodeUrl":true,"settingRebuildPath":true,"settingFollowRedirects":"global","_type":"request"},{"_id":"req_faaceb57aef64ae6b9d38c4c53e6cd4c","parentId":"fld_473378997b394d58b40199d5d04d77e3","modified":1669040490733,"created":1667289055225,"url":"http://143.198.55.254:3000/accounts/","name":"get all accounts","description":"### GET all <span style=\"color:red\"> accounts </span> \n```response 200\n{\n\t\"code\": \"success\",\n\t\"total\": 41,\n\t\"data\": [\n\t\t[\n\t\t\t{\n\t\t\t\t\"id\": 2,\n\t\t\t\t\"name\": \"Foued Hammouda\",\n\t\t\t\t\"status\": 2,\n\t\t\t\t\"date_start\": \"2022-12-20T00:00:00.000Z\",\n\t\t\t\t\"date_end\": null\n\t\t\t}\n```\n","method":"GET","body":{},"parameters":[],"headers":[{"id":"pair_564281d90a944e259eb31dd2e7a66a93","name":"authorization","value":"LuQJd5qKr1cC4vLUUQe+WQK8e7fU8TvaEB5wpbeXpww=","description":""},{"id":"pair_15edc0f266d044d097cb1cbb087dbba2","name":"","value":"","description":""}],"authentication":{},"metaSortKey":-1667289055225,"isPrivate":false,"settingStoreCookies":true,"settingSendCookies":true,"settingDisableRenderRequestBody":false,"settingEncodeUrl":true,"settingRebuildPath":true,"settingFollowRedirects":"global","_type":"request"},{"_id":"env_d67b61c030f6d8ec0bbf2ae16125f4b3858ae8c6","parentId":"wrk_63a979bbbf124190a3dd89c638d3f306","modified":1669023006463,"created":1649942696498,"name":"Base Environment","data":{},"dataPropertyOrder":{},"color":null,"isPrivate":false,"metaSortKey":1649942696498,"_type":"environment"},{"_id":"jar_d67b61c030f6d8ec0bbf2ae16125f4b3858ae8c6","parentId":"wrk_63a979bbbf124190a3dd89c638d3f306","modified":1649942696512,"created":1649942696512,"name":"Default Jar","cookies":[],"_type":"cookie_jar"},{"_id":"spc_f2704d17a349478891e461dafba89da9","parentId":"wrk_63a979bbbf124190a3dd89c638d3f306","modified":1649943195029,"created":1649942696472,"fileName":"CRUD","contents":"","contentType":"yaml","_type":"api_spec"},{"_id":"uts_e4d6448187294f1e98ea635cd9222e36","parentId":"wrk_63a979bbbf124190a3dd89c638d3f306","modified":1649942696532,"created":1649942696532,"name":"Example Test Suite","_type":"unit_test_suite"},{"_id":"env_bf82259fb95a48c7b19c6da950da6bfd","parentId":"env_d67b61c030f6d8ec0bbf2ae16125f4b3858ae8c6","modified":1669023007636,"created":1669023003732,"name":"New Environment","data":{},"dataPropertyOrder":{},"color":null,"isPrivate":false,"metaSortKey":1669023003732,"_type":"environment"}]}